{
  "project_info": {
    "project_number": "970951470837",
    "project_id": "product-603ab",
    "storage_bucket": "product-603ab.appspot.com"
  },
  "client": [
    {
      "client_info": {
        "mobilesdk_app_id": "1:970951470837:android:46e5d629db81161bb09fbc",
        "android_client_info": {
          "package_name": "com.example.app"
        }
      },
      "oauth_client": [],
      "api_key": [
        {
          "current_key": "AIzaSyC7OeyhyhOAmsahIAzXqsqx2AnvZhGWzoQ"
        }
      ],
      "services": {
        "appinvite_service": {
          "other_platform_oauth_client": []
        }
      }
    }
  ],
  "configuration_version": "1"
}